Ticker,Company,Sector,Industry
A,Agilent Technologies Inc,Healthcare,Diagnostics & Research
AA,Alcoa Corp,Basic Materials,Aluminum
AAL,American Airlines Group Inc,Industrials,Airlines
AAOI,Applied Optoelectronics Inc,Technology,Communication Equipment
AAP,Advance Auto Parts Inc,Consumer Cyclical,Auto Parts
AAPL,Apple Inc,Technology,Consumer Electronics
ABBV,Abbvie Inc,Healthcare,Drug Manufacturers - General
ABNB,Airbnb Inc,Consumer Cyclical,Travel Services
ABT,Abbott Laboratories,Healthcare,Medical Devices
ACAD,Acadia Pharmaceuticals Inc,Healthcare,Biotechnology
ACGL,Arch Capital Group Ltd,Financial,Insurance - Diversified
ACHC,Acadia Healthcare Company Inc,Healthcare,Medical Care Facilities
ACHR,Archer Aviation Inc,Industrials,Aerospace & Defense
ACI,Albertsons Companies Inc,Consumer Defensive,Grocery Stores
ACLX,Arcellx Inc,Healthcare,Biotechnology
ACM,AECOM,Industrials,Engineering & Construction
ACMR,ACM Research Inc,Technology,Semiconductor Equipment & Materials
ACN,Accenture plc,Technology,Information Technology Services
ADBE,Adobe Inc,Technology,Software - Application
ADI,Analog Devices Inc,Technology,Semiconductors
ADM,Archer Daniels Midland Co,Consumer Defensive,Farm Products
ADMA,Adma Biologics Inc,Healthcare,Biotechnology
ADP,Automatic Data Processing Inc,Technology,Software - Application
ADPT,Adaptive Biotechnologies Corp,Healthcare,Biotechnology
ADSK,Autodesk Inc,Technology,Software - Application
ADT,ADT Inc,Industrials,Security & Protection Services
AEE,Ameren Corp,Utilities,Utilities - Regulated Electric
AEG,Aegon Ltd,Financial,Insurance - Diversified
AEM,Agnico Eagle Mines Ltd,Basic Materials,Gold
AEO,American Eagle Outfitters Inc,Consumer Cyclical,Apparel Retail
AEP,American Electric Power Company Inc,Utilities,Utilities - Regulated Electric
AER,Aercap Holdings N.V,Industrials,Rental & Leasing Services
AES,AES Corp,Utilities,Utilities - Diversified
AFL,Aflac Inc,Financial,Insurance - Life
AFRM,Affirm Holdings Inc,Financial,Credit Services
AG,First Majestic Silver Corporation,Basic Materials,Silver
AGI,Alamos Gold Inc,Basic Materials,Gold
AIG,American International Group Inc,Financial,Insurance - Diversified
AJG,Arthur J. Gallagher & Co,Financial,Insurance Brokers
AKAM,Akamai Technologies Inc,Technology,Software - Infrastructure
AL,Air Lease Corp,Industrials,Rental & Leasing Services
ALAB,Astera Labs Inc,Technology,Semiconductors
ALB,Albemarle Corp,Basic Materials,Specialty Chemicals
ALC,Alcon Inc,Healthcare,Medical Instruments & Supplies
ALGM,Allegro Microsystems Inc,Technology,Semiconductors
ALGN,"Align Technology, Inc",Healthcare,Medical Instruments & Supplies
ALHC,Alignment Healthcare Inc,Healthcare,Healthcare Plans
ALK,Alaska Air Group Inc,Industrials,Airlines
ALKS,Alkermes plc,Healthcare,Drug Manufacturers - Specialty & Generic
ALLE,Allegion plc,Industrials,Security & Protection Services
ALLY,Ally Financial Inc,Financial,Credit Services
ALM,Almonty Industries Inc,Basic Materials,Other Industrial Metals & Mining
ALMS,Alumis Inc,Healthcare,Biotechnology
ALSN,Allison Transmission Holdings Inc,Consumer Cyclical,Auto Parts
AM,Antero Midstream Corp,Energy,Oil & Gas Midstream
AMAT,Applied Materials Inc,Technology,Semiconductor Equipment & Materials
AMCR,Amcor Plc,Consumer Cyclical,Packaging & Containers
AMD,Advanced Micro Devices Inc,Technology,Semiconductors
AME,Ametek Inc,Industrials,Specialty Industrial Machinery
AMGN,AMGEN Inc,Healthcare,Drug Manufacturers - General
AMKR,AMKOR Technology Inc,Technology,Semiconductor Equipment & Materials
AMPX,Amprius Technologies Inc,Industrials,Electrical Equipment & Parts
AMRX,Amneal Pharmaceuticals Inc,Healthcare,Drug Manufacturers - Specialty & Generic
AMRZ,Amrize Ltd,Basic Materials,Building Materials
AMTM,Amentum Holdings Inc,Industrials,Specialty Business Services
AMX,America Movil S.A.B.DE C.V. ADR,Communication Services,Telecom Services
AMZN,Amazon.com Inc,Consumer Cyclical,Internet Retail
ANET,Arista Networks Inc,Technology,Computer Hardware
ANF,Abercrombie & Fitch Co,Consumer Cyclical,Apparel Retail
AON,Aon plc,Financial,Insurance Brokers
AOS,A.O. Smith Corp,Industrials,Specialty Industrial Machinery
APA,APA Corporation,Energy,Oil & Gas E&P
APD,Air Products & Chemicals Inc,Basic Materials,Specialty Chemicals
APG,APi Group Corporation,Industrials,Engineering & Construction
APH,Amphenol Corp,Technology,Electronic Components
APLD,Applied Digital Corporation,Technology,Information Technology Services
APLS,Apellis Pharmaceuticals Inc,Healthcare,Biotechnology
APO,Apollo Global Management Inc,Financial,Asset Management
APP,Applovin Corp,Communication Services,Advertising Agencies
APTV,Aptiv PLC,Consumer Cyclical,Auto Parts
AQN,Algonquin Power & Utilities Corp,Utilities,Utilities - Diversified
AR,Antero Resources Corp,Energy,Oil & Gas E&P
ARCC,Ares Capital Corp,Financial,Asset Management
ARES,Ares Management Corp,Financial,Asset Management
ARIS,Aris Mining Corp,Basic Materials,Gold
ARM,Arm Holdings plc. ADR,Technology,Semiconductors
ARMK,Aramark,Industrials,Specialty Business Services
AROC,Archrock Inc,Energy,Oil & Gas Equipment & Services
ARQT,Arcutis Biotherapeutics Inc,Healthcare,Biotechnology
ARWR,Arrowhead Pharmaceuticals Inc,Healthcare,Biotechnology
AS,Amer Sports Inc,Consumer Cyclical,Leisure
ASB,Associated Banc-Corp,Financial,Banks - Regional
ASML,ASML Holding NV,Technology,Semiconductor Equipment & Materials
ASO,Academy Sports and Outdoors Inc,Consumer Cyclical,Specialty Retail
ASTS,AST SpaceMobile Inc,Technology,Communication Equipment
ASX,ASE Technology Holding Co.Ltd ADR,Technology,Semiconductors
ATI,ATI Inc,Industrials,Metal Fabrication
ATMU,Atmus Filtration Technologies Inc,Consumer Cyclical,Auto Parts
ATO,Atmos Energy Corp,Utilities,Utilities - Regulated Gas
AU,AngloGold Ashanti Plc,Basic Materials,Gold
AUB,Atlantic Union Bankshares Corp,Financial,Banks - Regional
AVAV,AeroVironment Inc,Industrials,Aerospace & Defense
AVGO,Broadcom Inc,Technology,Semiconductors
AVPT,AvePoint Inc,Technology,Software - Infrastructure
AVTR,Avantor Inc,Healthcare,Medical Instruments & Supplies
AWK,American Water Works Co. Inc,Utilities,Utilities - Regulated Water
AXIA,Axia Energia ADR,Utilities,Utilities - Renewable
AXP,American Express Co,Financial,Credit Services
AXTA,Axalta Coating Systems Ltd,Basic Materials,Specialty Chemicals
AZN,Astrazeneca plc,Healthcare,Drug Manufacturers - General
B,Barrick Mining Corp,Basic Materials,Gold
BA,Boeing Co,Industrials,Aerospace & Defense
BABA,Alibaba Group Holding Ltd ADR,Consumer Cyclical,Internet Retail
BAC,Bank Of America Corp,Financial,Banks - Diversified
BAH,Booz Allen Hamilton Holding Corp,Industrials,Consulting Services
BALL,Ball Corp,Consumer Cyclical,Packaging & Containers
BAM,Brookfield Asset Management Ltd,Financial,Asset Management
BANC,Banc of California Inc,Financial,Banks - Regional
BAX,Baxter International Inc,Healthcare,Medical Instruments & Supplies
BBIO,BridgeBio Pharma Inc,Healthcare,Biotechnology
BBVA,Banco Bilbao Vizcaya Argentaria S.A. ADR,Financial,Banks - Diversified
BBWI,Bath & Body Works Inc,Consumer Cyclical,Specialty Retail
BBY,Best Buy Co. Inc,Consumer Cyclical,Specialty Retail
BC,Brunswick Corp,Consumer Cyclical,Recreational Vehicles
BCE,BCE Inc,Communication Services,Telecom Services
BCRX,Biocryst Pharmaceuticals Inc,Healthcare,Drug Manufacturers - Specialty & Generic
BCS,Barclays plc ADR,Financial,Banks - Diversified
BDX,Becton Dickinson & Co,Healthcare,Medical Instruments & Supplies
BE,Bloom Energy Corp,Industrials,Electrical Equipment & Parts
BEAM,Beam Therapeutics Inc,Healthcare,Biotechnology
BEKE,KE Holdings Inc ADR,Real Estate,Real Estate Services
BEN,"Franklin Resources, Inc",Financial,Asset Management
BEPC,Brookfield Renewable Corp,Utilities,Utilities - Renewable
BETA,BETA Technologies Inc,Industrials,Aerospace & Defense
BF-B,Brown-Forman Corp,Consumer Defensive,Beverages - Wineries & Distilleries
BG,Bunge Global SA,Consumer Defensive,Farm Products
BGC,BGC Group Inc,Financial,Capital Markets
BHF,Brighthouse Financial Inc,Financial,Insurance - Life
BHP,BHP Group Limited ADR,Basic Materials,Other Industrial Metals & Mining
BIDU,Baidu Inc ADR,Communication Services,Internet Content & Information
BILI,Bilibili Inc ADR,Communication Services,Internet Content & Information
BILL,BILL Holdings Inc,Technology,Software - Application
BIRK,Birkenstock Holding Plc,Consumer Cyclical,Footwear & Accessories
BJ,BJ's Wholesale Club Holdings Inc,Consumer Defensive,Discount Stores
BK,Bank Of New York Mellon Corp,Financial,Banks - Diversified
BKD,Brookdale Senior Living Inc,Healthcare,Medical Care Facilities
BKR,Baker Hughes Co,Energy,Oil & Gas Equipment & Services
BKU,BankUnited Inc,Financial,Banks - Regional
BLDR,Builders Firstsource Inc,Industrials,Building Products & Equipment
BLK,Blackrock Inc,Financial,Asset Management
BLSH,Bullish,Technology,Software - Infrastructure
BMNR,BitMine Immersion Technologies Inc,Financial,Capital Markets
BMO,Bank of Montreal,Financial,Banks - Diversified
BMRN,Biomarin Pharmaceutical Inc,Healthcare,Biotechnology
BMY,Bristol-Myers Squibb Co,Healthcare,Drug Manufacturers - General
BN,Brookfield Corporation,Financial,Asset Management
BNS,Bank Of Nova Scotia,Financial,Banks - Diversified
BOBS,Bob's Discount Furniture Inc,Consumer Cyclical,Specialty Retail
BOX,Box Inc,Technology,Software - Infrastructure
BP,BP plc ADR,Energy,Oil & Gas Integrated
BR,"Broadridge Financial Solutions, Inc",Technology,Information Technology Services
BRBR,Bellring Brands Inc,Consumer Defensive,Packaged Foods
BRK-B,Berkshire Hathaway Inc,Financial,Insurance - Diversified
BRKR,Bruker Corp,Healthcare,Medical Devices
BRO,"Brown & Brown, Inc",Financial,Insurance Brokers
BROS,Dutch Bros Inc,Consumer Cyclical,Restaurants
BRSL,Brightstar Lottery PLC,Consumer Cyclical,Gambling
BRZE,Braze Inc,Technology,Software - Application
BSBR,Banco Santander (Brasil) S.A. ADR,Financial,Banks - Regional
BSX,Boston Scientific Corp,Healthcare,Medical Devices
BSY,Bentley Systems Inc,Technology,Software - Application
BTG,B2gold Corp,Basic Materials,Gold
BTI,British American Tobacco Plc ADR,Consumer Defensive,Tobacco
BTSG,BrightSpring Health Services Inc,Healthcare,Health Information Services
BTU,Peabody Energy Corp,Energy,Thermal Coal
BUD,Anheuser-Busch InBev SA/NV ADR,Consumer Defensive,Beverages - Brewers
BULL,Webull Corp,Technology,Software - Application
BURL,Burlington Stores Inc,Consumer Cyclical,Apparel Retail
BVN,Compania de Minas Buenaventura S.A. ADR,Basic Materials,Other Precious Metals & Mining
BWA,BorgWarner Inc,Consumer Cyclical,Auto Parts
BWIN,The Baldwin Insurance Group Inc,Financial,Insurance Brokers
BX,Blackstone Inc,Financial,Asset Management
BXSL,Blackstone Secured Lending Fund,Financial,Asset Management
BZ,Kanzhun Ltd ADR,Communication Services,Internet Content & Information
C,Citigroup Inc,Financial,Banks - Diversified
CAG,Conagra Brands Inc,Consumer Defensive,Packaged Foods
CAH,"Cardinal Health, Inc",Healthcare,Medical Distribution
CAI,Caris Life Sciences Inc,Healthcare,Biotechnology
CAKE,Cheesecake Factory Inc,Consumer Cyclical,Restaurants
CALY,Callaway Golf Co,Consumer Cyclical,Leisure
CARG,CarGurus Inc,Consumer Cyclical,Auto & Truck Dealerships
CARR,Carrier Global Corp,Industrials,Building Products & Equipment
CART,Maplebear Inc,Consumer Cyclical,Internet Retail
CAT,Caterpillar Inc,Industrials,Farm & Heavy Construction Machinery
CAVA,Cava Group Inc,Consumer Cyclical,Restaurants
CB,Chubb Limited,Financial,Insurance - Property & Casualty
CBRE,CBRE Group Inc,Real Estate,Real Estate Services
CBSH,"Commerce Bancshares, Inc",Financial,Banks - Regional
CC,Chemours Company,Basic Materials,Specialty Chemicals
CCC,CCC Intelligent Solutions Holdings Inc,Technology,Software - Application
CCEP,Coca-Cola Europacific Partners Plc,Consumer Defensive,Beverages - Non-Alcoholic
CCJ,Cameco Corp,Energy,Uranium
CCL,Carnival Corp,Consumer Cyclical,Travel Services
CDE,Coeur Mining Inc,Basic Materials,Gold
CDNS,"Cadence Design Systems, Inc",Technology,Software - Application
CDW,CDW Corp,Technology,Information Technology Services
CE,Celanese Corp,Basic Materials,Chemicals
CEG,Constellation Energy Corporation,Utilities,Utilities - Independent Power Producers
CELH,Celsius Holdings Inc,Consumer Defensive,Beverages - Non-Alcoholic
CENX,Century Aluminum Co,Basic Materials,Aluminum
CF,CF Industries Holdings Inc,Basic Materials,Agricultural Inputs
CFG,Citizens Financial Group Inc,Financial,Banks - Regional
CFLT,Confluent Inc,Technology,Software - Infrastructure
CG,Carlyle Group Inc,Financial,Asset Management
CGAU,Centerra Gold Inc,Basic Materials,Gold
CGNX,Cognex Corp,Technology,Scientific & Technical Instruments
CGON,Cg Oncology Inc,Healthcare,Biotechnology
CHD,"Church & Dwight Co., Inc",Consumer Defensive,Household & Personal Products
CHDN,"Churchill Downs, Inc",Consumer Cyclical,Gambling
CHRD,Chord Energy Corp,Energy,Oil & Gas E&P
CHRW,"C.H. Robinson Worldwide, Inc",Industrials,Integrated Freight & Logistics
CHTR,Charter Communications Inc,Communication Services,Telecom Services
CHWY,Chewy Inc,Consumer Cyclical,Internet Retail
CHYM,Chime Financial Inc,Technology,Software - Application
CI,Cigna Group,Healthcare,Healthcare Plans
CIEN,CIENA Corp,Technology,Communication Equipment
CIFR,Cipher Digital Inc,Technology,Information Technology Services
CL,Colgate-Palmolive Co,Consumer Defensive,Household & Personal Products
CLBT,Cellebrite DI Ltd,Technology,Software - Infrastructure
CLF,Cleveland-Cliffs Inc,Basic Materials,Steel
CLM,Cornerstone Strategic Investment Fund Inc,Financial,Closed-End Fund - Equity
CLMT,Calumet Inc,Basic Materials,Specialty Chemicals
CLS,"Celestica, Inc",Technology,Electronic Components
CLSK,Cleanspark Inc,Financial,Capital Markets
CLX,Clorox Co,Consumer Defensive,Household & Personal Products
CM,Canadian Imperial Bank Of Commerce,Financial,Banks - Diversified
CMBT,CMB.Tech NV,Energy,Oil & Gas Midstream
CMC,Commercial Metals Co,Basic Materials,Steel
CMCSA,Comcast Corp,Communication Services,Telecom Services
CME,CME Group Inc,Financial,Financial Data & Stock Exchanges
CMG,Chipotle Mexican Grill,Consumer Cyclical,Restaurants
CMS,CMS Energy Corporation,Utilities,Utilities - Regulated Electric
CNC,Centene Corp,Healthcare,Healthcare Plans
CNH,CNH Industrial NV,Industrials,Farm & Heavy Construction Machinery
CNI,Canadian National Railway Co,Industrials,Railroads
CNK,Cinemark Holdings Inc,Communication Services,Entertainment
CNM,Core & Main Inc,Industrials,Industrial Distribution
CNP,Centerpoint Energy Inc,Utilities,Utilities - Regulated Electric
CNQ,Canadian Natural Resources Ltd,Energy,Oil & Gas E&P
CNTA,Centessa Pharmaceuticals plc ADR,Healthcare,Biotechnology
CNX,CNX Resources Corp,Energy,Oil & Gas E&P
COF,Capital One Financial Corp,Financial,Credit Services
COGT,Cogent Biosciences Inc,Healthcare,Biotechnology
COHR,Coherent Corp,Technology,Scientific & Technical Instruments
COIN,Coinbase Global Inc,Financial,Financial Data & Stock Exchanges
COLB,"Columbia Banking System, Inc",Financial,Banks - Regional
COMP,Compass Inc,Real Estate,Real Estate Services
COO,"Cooper Companies, Inc",Healthcare,Medical Instruments & Supplies
COP,Conoco Phillips,Energy,Oil & Gas E&P
COR,Cencora Inc,Healthcare,Medical Distribution
CORT,Corcept Therapeutics Inc,Healthcare,Biotechnology
CORZ,Core Scientific Inc,Technology,Software - Infrastructure
COST,Costco Wholesale Corp,Consumer Defensive,Discount Stores
CP,Canadian Pacific Kansas City Limited,Industrials,Railroads
CPB,Campbells Co,Consumer Defensive,Packaged Foods
CPNG,Coupang Inc,Consumer Cyclical,Internet Retail
CPRI,Capri Holdings Ltd,Consumer Cyclical,Luxury Goods
CPRT,"Copart, Inc",Industrials,Specialty Business Services
CRBG,Corebridge Financial Inc,Financial,Asset Management
CRC,California Resources Corporation,Energy,Oil & Gas E&P
CRCL,Circle Internet Group Inc,Financial,Capital Markets
CRDO,Credo Technology Group Holding Ltd,Technology,Semiconductors
CRGY,Crescent Energy Co,Energy,Oil & Gas E&P
CRH,CRH Plc,Basic Materials,Building Materials
CRK,"Comstock Resources, Inc",Energy,Oil & Gas E&P
CRL,Charles River Laboratories International Inc,Healthcare,Diagnostics & Research
CRM,Salesforce Inc,Technology,Software - Application
CRNX,Crinetics Pharmaceuticals Inc,Healthcare,Biotechnology
CROX,Crocs Inc,Consumer Cyclical,Footwear & Accessories
CRSP,CRISPR Therapeutics AG,Healthcare,Biotechnology
CRWD,Crowdstrike Holdings Inc,Technology,Software - Infrastructure
CRWV,CoreWeave Inc,Technology,Software - Infrastructure
CSCO,"Cisco Systems, Inc",Technology,Communication Equipment
CSGP,"Costar Group, Inc",Real Estate,Real Estate Services
CSTM,Constellium SE,Basic Materials,Aluminum
CSX,CSX Corp,Industrials,Railroads
CTAS,Cintas Corporation,Industrials,Specialty Business Services
CTRA,Coterra Energy Inc,Energy,Oil & Gas E&P
CTRI,Centuri Holdings Inc,Utilities,Utilities - Regulated Gas
CTSH,Cognizant Technology Solutions Corp,Technology,Information Technology Services
CTVA,Corteva Inc,Basic Materials,Agricultural Inputs
CUK,Carnival plc ADR,Consumer Cyclical,Travel Services
CVBF,CVB Financial Corp,Financial,Banks - Regional
CVE,Cenovus Energy Inc,Energy,Oil & Gas Integrated
CVI,CVR Energy Inc,Energy,Oil & Gas Refining & Marketing
CVNA,Carvana Co,Consumer Cyclical,Auto & Truck Dealerships
CVS,CVS Health Corp,Healthcare,Healthcare Plans
CVX,Chevron Corp,Energy,Oil & Gas Integrated
CWAN,Clearwater Analytics Holdings Inc,Technology,Software - Application
CWK,Cushman & Wakefield Ltd,Real Estate,Real Estate Services
CX,Cemex S.A.B. De C.V. ADR,Basic Materials,Building Materials
CYTK,Cytokinetics Inc,Healthcare,Biotechnology
CZR,Caesars Entertainment Inc,Consumer Cyclical,Resorts & Casinos
D,Dominion Energy Inc,Utilities,Utilities - Regulated Electric
DAL,"Delta Air Lines, Inc",Industrials,Airlines
DAN,Dana Inc,Consumer Cyclical,Auto Parts
DAR,Darling Ingredients Inc,Consumer Defensive,Packaged Foods
DASH,DoorDash Inc,Consumer Cyclical,Internet Retail
DAWN,Day One Biopharmaceuticals Inc,Healthcare,Biotechnology
DB,Deutsche Bank AG,Financial,Banks - Regional
DBRG,DigitalBridge Group Inc,Financial,Asset Management
DBX,Dropbox Inc,Technology,Software - Infrastructure
DD,DuPont de Nemours Inc,Basic Materials,Specialty Chemicals
DDOG,Datadog Inc,Technology,Software - Application
DE,Deere & Co,Industrials,Farm & Heavy Construction Machinery
DECK,Deckers Outdoor Corp,Consumer Cyclical,Footwear & Accessories
DELL,Dell Technologies Inc,Technology,Computer Hardware
DEO,Diageo plc ADR,Consumer Defensive,Beverages - Wineries & Distilleries
DG,Dollar General Corp,Consumer Defensive,Discount Stores
DGX,"Quest Diagnostics, Inc",Healthcare,Diagnostics & Research
DHI,D.R. Horton Inc,Consumer Cyclical,Residential Construction
DHR,Danaher Corp,Healthcare,Diagnostics & Research
DHT,DHT Holdings Inc,Energy,Oil & Gas Midstream
DINO,HF Sinclair Corp,Energy,Oil & Gas Refining & Marketing
DIS,Walt Disney Co,Communication Services,Entertainment
DJT,Trump Media & Technology Group Corp,Communication Services,Internet Content & Information
DK,Delek US Holdings Inc,Energy,Oil & Gas Refining & Marketing
DKNG,DraftKings Inc,Consumer Cyclical,Gambling
DKS,"Dicks Sporting Goods, Inc",Consumer Cyclical,Specialty Retail
DLTR,Dollar Tree Inc,Consumer Defensive,Discount Stores
DNLI,Denali Therapeutics Inc,Healthcare,Biotechnology
DNOW,Dnow Inc,Industrials,Industrial Distribution
DNTH,Dianthus Therapeutics Inc,Healthcare,Biotechnology
DOCN,DigitalOcean Holdings Inc,Technology,Software - Infrastructure
DOCS,Doximity Inc,Healthcare,Health Information Services
DOCU,DocuSign Inc,Technology,Software - Application
DOV,Dover Corp,Industrials,Specialty Industrial Machinery
DOW,Dow Inc,Basic Materials,Chemicals
DOX,Amdocs Ltd,Technology,Software - Infrastructure
DRI,"Darden Restaurants, Inc",Consumer Cyclical,Restaurants
DRS,Leonardo DRS Inc,Industrials,Aerospace & Defense
DT,Dynatrace Inc,Technology,Software - Application
DTE,DTE Energy Co,Utilities,Utilities - Regulated Electric
DUK,Duke Energy Corp,Utilities,Utilities - Regulated Electric
DUOL,Duolingo Inc,Technology,Software - Application
DVN,Devon Energy Corp,Energy,Oil & Gas E&P
DXC,DXC Technology Co,Technology,Information Technology Services
DXCM,Dexcom Inc,Healthcare,Medical Devices
DYN,Dyne Therapeutics Inc,Healthcare,Biotechnology
EA,"Electronic Arts, Inc",Communication Services,Electronic Gaming & Multimedia
EAT,"Brinker International, Inc",Consumer Cyclical,Restaurants
EBAY,EBay Inc,Consumer Cyclical,Internet Retail
EBC,Eastern Bankshares Inc,Financial,Banks - Regional
EC,Ecopetrol SA ADR,Energy,Oil & Gas Integrated
ECL,"Ecolab, Inc",Basic Materials,Specialty Chemicals
ED,"Consolidated Edison, Inc",Utilities,Utilities - Regulated Electric
EFX,"Equifax, Inc",Industrials,Consulting Services
EGO,Eldorado Gold Corp,Basic Materials,Gold
EHC,Encompass Health Corp,Healthcare,Medical Care Facilities
EIX,Edison International,Utilities,Utilities - Regulated Electric
EL,"Estee Lauder Cos., Inc",Consumer Defensive,Household & Personal Products
ELAN,Elanco Animal Health Inc,Healthcare,Drug Manufacturers - Specialty & Generic
ELF,e.l.f. Beauty Inc,Consumer Defensive,Household & Personal Products
ELV,Elevance Health Inc,Healthcare,Healthcare Plans
EMBJ,Embraer S.A. ADR,Industrials,Aerospace & Defense
EMN,Eastman Chemical Co,Basic Materials,Specialty Chemicals
EMR,Emerson Electric Co,Industrials,Specialty Industrial Machinery
ENB,Enbridge Inc,Energy,Oil & Gas Midstream
ENPH,Enphase Energy Inc,Technology,Solar
ENTG,Entegris Inc,Technology,Semiconductor Equipment & Materials
EOG,"EOG Resources, Inc",Energy,Oil & Gas E&P
EOSE,Eos Energy Enterprises Inc,Industrials,Electrical Equipment & Parts
EPAM,EPAM Systems Inc,Technology,Information Technology Services
EPD,Enterprise Products Partners L P,Energy,Oil & Gas Midstream
EQH,Equitable Holdings Inc,Financial,Asset Management
EQNR,Equinor ASA ADR,Energy,Oil & Gas Integrated
EQT,EQT Corp,Energy,Oil & Gas E&P
EQX,Equinox Gold Corp,Basic Materials,Gold
ERAS,Erasca Inc,Healthcare,Biotechnology
ERIC,Telefonaktiebolaget L M Ericsson ADR,Technology,Communication Equipment
ERO,Ero Copper Corp,Basic Materials,Copper
ES,Eversource Energy,Utilities,Utilities - Regulated Electric
ESI,Element Solutions Inc,Basic Materials,Specialty Chemicals
ESTC,Elastic N.V,Technology,Software - Application
ET,Energy Transfer LP,Energy,Oil & Gas Midstream
ETN,Eaton Corporation plc,Industrials,Specialty Industrial Machinery
ETR,Entergy Corp,Utilities,Utilities - Regulated Electric
ETSY,Etsy Inc,Consumer Cyclical,Internet Retail
EVRG,Evergy Inc,Utilities,Utilities - Regulated Electric
EW,Edwards Lifesciences Corp,Healthcare,Medical Devices
EWBC,"East West Bancorp, Inc",Financial,Banks - Regional
EWTX,Edgewise Therapeutics Inc,Healthcare,Biotechnology
EXAS,Exact Sciences Corp,Healthcare,Diagnostics & Research
EXC,Exelon Corp,Utilities,Utilities - Regulated Electric
EXE,Expand Energy Corp,Energy,Oil & Gas E&P
EXEL,Exelixis Inc,Healthcare,Biotechnology
EXK,Endeavour Silver Corp,Basic Materials,Silver
EXLS,ExlService Holdings Inc,Technology,Information Technology Services
EXPD,"Expeditors International Of Washington, Inc",Industrials,Integrated Freight & Logistics
EXPE,Expedia Group Inc,Consumer Cyclical,Travel Services
EYE,National Vision Holdings Inc,Consumer Cyclical,Specialty Retail
F,Ford Motor Co,Consumer Cyclical,Auto Manufacturers
FA,First Advantage Corp,Industrials,Specialty Business Services
FANG,Diamondback Energy Inc,Energy,Oil & Gas E&P
FAST,Fastenal Co,Industrials,Industrial Distribution
FBIN,Fortune Brands Innovations Inc,Industrials,Building Products & Equipment
FBP,First Bancorp PR,Financial,Banks - Regional
FCX,Freeport-McMoRan Inc,Basic Materials,Copper
FDX,Fedex Corp,Industrials,Integrated Freight & Logistics
FE,Firstenergy Corp,Utilities,Utilities - Regulated Electric
FER,Ferrovial S.E,Industrials,Engineering & Construction
FERG,Ferguson Enterprises Inc,Industrials,Industrial Distribution
FHB,First Hawaiian INC,Financial,Banks - Regional
FHN,First Horizon Corporation,Financial,Banks - Regional
FIG,Figma Inc,Technology,Software - Application
FIGR,Figure Technology Solutions Inc,Financial,Capital Markets
FIGS,Figs Inc,Consumer Cyclical,Apparel Manufacturing
FIS,"Fidelity National Information Services, Inc",Technology,Information Technology Services
FISV,"Fiserv, Inc",Technology,Information Technology Services
FITB,Fifth Third Bancorp,Financial,Banks - Regional
FLEX,Flex Ltd,Technology,Electronic Components
FLG,Flagstar Bank NA,Financial,Banks - Regional
FLNC,Fluence Energy Inc,Utilities,Utilities - Renewable
FLR,Fluor Corporation,Industrials,Engineering & Construction
FLS,Flowserve Corp,Industrials,Specialty Industrial Machinery
FLUT,Flutter Entertainment Plc,Consumer Cyclical,Gambling
FLY,Firefly Aerospace Inc,Industrials,Aerospace & Defense
FNB,F.N.B. Corp,Financial,Banks - Regional
FND,Floor & Decor Holdings Inc,Consumer Cyclical,Home Improvement Retail
FNF,Fidelity National Financial Inc,Financial,Insurance - Specialty
FNV,Franco-Nevada Corporation,Basic Materials,Gold
FOLD,Amicus Therapeutics Inc,Healthcare,Biotechnology
FORM,FormFactor Inc,Technology,Semiconductor Equipment & Materials
FOUR,Shift4 Payments Inc,Technology,Software - Infrastructure
FOX,Fox Corporation,Communication Services,Entertainment
FOXA,Fox Corporation,Communication Services,Entertainment
FPS,Forgent Power Solutions Inc,Industrials,Electrical Equipment & Parts
FRO,Frontline Plc,Energy,Oil & Gas Midstream
FROG,JFrog Ltd,Technology,Software - Application
FRPT,Freshpet Inc,Consumer Defensive,Packaged Foods
FRSH,Freshworks Inc,Technology,Software - Application
FSK,FS KKR Capital Corp,Financial,Asset Management
FSLR,First Solar Inc,Technology,Solar
FSLY,Fastly Inc,Technology,Software - Application
FSM,Fortuna Mining Corp,Basic Materials,Gold
FTAI,FTAI Aviation Ltd,Industrials,Rental & Leasing Services
FTI,TechnipFMC plc,Energy,Oil & Gas Equipment & Services
FTNT,Fortinet Inc,Technology,Software - Infrastructure
FTV,Fortive Corp,Technology,Scientific & Technical Instruments
FULT,Fulton Financial Corp,Financial,Banks - Regional
FUTU,Futu Holdings Ltd ADR,Financial,Capital Markets
FWONK,Liberty Media Corp,Communication Services,Entertainment
G,Genpact Ltd,Technology,Information Technology Services
GAP,"Gap, Inc",Consumer Cyclical,Apparel Retail
GBCI,"Glacier Bancorp, Inc",Financial,Banks - Regional
GBDC,Golub Capital BDC Inc,Financial,Asset Management
GBTG,Global Business Travel Group Inc,Consumer Cyclical,Travel Services
GD,General Dynamics Corp,Industrials,Aerospace & Defense
GDDY,Godaddy Inc,Technology,Software - Infrastructure
GDS,GDS Holdings Limited ADR,Technology,Information Technology Services
GE,GE Aerospace,Industrials,Aerospace & Defense
GEHC,GE HealthCare Technologies Inc,Healthcare,Medical Devices
GEN,Gen Digital Inc,Technology,Software - Infrastructure
GEV,GE Vernova Inc,Industrials,Specialty Industrial Machinery
GFI,Gold Fields Ltd ADR,Basic Materials,Gold
GFL,GFL Environmental Inc,Industrials,Waste Management
GFS,GlobalFoundries Inc,Technology,Semiconductors
GGAL,Grupo Financiero Galicia ADR,Financial,Banks - Regional
GH,Guardant Health Inc,Healthcare,Diagnostics & Research
GIL,Gildan Activewear Inc,Consumer Cyclical,Apparel Manufacturing
GILD,"Gilead Sciences, Inc",Healthcare,Drug Manufacturers - General
GIS,"General Mills, Inc",Consumer Defensive,Packaged Foods
GLNG,Golar Lng,Energy,Oil & Gas Midstream
GLOB,Globant S.A,Technology,Information Technology Services
GLW,"Corning, Inc",Technology,Electronic Components
GLXY,Galaxy Digital Inc,Financial,Capital Markets
GM,General Motors Company,Consumer Cyclical,Auto Manufacturers
GMAB,Genmab ADR,Healthcare,Biotechnology
GME,Gamestop Corporation,Consumer Cyclical,Specialty Retail
GNTX,Gentex Corp,Consumer Cyclical,Auto Parts
GNW,Genworth Financial Inc,Financial,Insurance - Life
GOF,Guggenheim Strategic Opportunities Fund,Financial,Closed-End Fund - Debt
GOOG,Alphabet Inc,Communication Services,Internet Content & Information
GOOGL,Alphabet Inc,Communication Services,Internet Content & Information
GPC,Genuine Parts Co,Consumer Cyclical,Auto Parts
GPGI,GPGI Inc,Industrials,Metal Fabrication
GPK,Graphic Packaging Holding Co,Consumer Cyclical,Packaging & Containers
GPN,"Global Payments, Inc",Technology,Software - Infrastructure
GRMN,Garmin Ltd,Technology,Scientific & Technical Instruments
GRND,Grindr Inc,Technology,Software - Application
GS,"Goldman Sachs Group, Inc",Financial,Capital Markets
GSK,GSK Plc ADR,Healthcare,Drug Manufacturers - General
GT,Goodyear Tire & Rubber Co,Consumer Cyclical,Auto Parts
GTES,Gates Industrial Corporation plc,Industrials,Specialty Industrial Machinery
GTLB,Gitlab Inc,Technology,Software - Infrastructure
GTLS,Chart Industries Inc,Industrials,Specialty Industrial Machinery
GTM,ZoomInfo Technologies Inc,Technology,Software - Application
GTX,Garrett Motion Inc,Consumer Cyclical,Auto Parts
GWRE,Guidewire Software Inc,Technology,Software - Application
GXO,GXO Logistics Inc,Industrials,Integrated Freight & Logistics
HAFN,Hafnia Ltd,Industrials,Marine Shipping
HAL,Halliburton Co,Energy,Oil & Gas Equipment & Services
HALO,Halozyme Therapeutics Inc,Healthcare,Biotechnology
HAS,"Hasbro, Inc",Consumer Cyclical,Leisure
HAYW,Hayward Holdings Inc,Industrials,Electrical Equipment & Parts
HBAN,"Huntington Bancshares, Inc",Financial,Banks - Regional
HBM,Hudbay Minerals Inc,Basic Materials,Copper
HD,"Home Depot, Inc",Consumer Cyclical,Home Improvement Retail
HDB,HDFC Bank Ltd. ADR,Financial,Banks - Regional
HE,"Hawaiian Electric Industries, Inc",Utilities,Utilities - Regulated Electric
HESM,Hess Midstream LP,Energy,Oil & Gas Midstream
HIG,Hartford Insurance Group Inc.(The),Financial,Insurance - Diversified
HIMS,Hims & Hers Health Inc,Healthcare,Drug Manufacturers - Specialty & Generic
HL,Hecla Mining Co,Basic Materials,Other Precious Metals & Mining
HLN,Haleon plc ADR,Healthcare,Drug Manufacturers - Specialty & Generic
HLT,Hilton Worldwide Holdings Inc,Consumer Cyclical,Lodging
HMC,Honda Motor ADR,Consumer Cyclical,Auto Manufacturers
HMY,Harmony Gold Mining Co Ltd ADR,Basic Materials,Gold
HNGE,Hinge Health Inc,Healthcare,Health Information Services
HNI,HNI Corp,Consumer Cyclical,"Furnishings, Fixtures & Appliances"
HOG,"Harley-Davidson, Inc",Consumer Cyclical,Recreational Vehicles
HOLX,"Hologic, Inc",Healthcare,Medical Instruments & Supplies
HOMB,Home Bancshares Inc,Financial,Banks - Regional
HON,Honeywell International Inc,Industrials,Conglomerates
HOOD,Robinhood Markets Inc,Financial,Capital Markets
HP,"Helmerich & Payne, Inc",Energy,Oil & Gas Drilling
HPE,Hewlett Packard Enterprise Co,Technology,Communication Equipment
HPQ,HP Inc,Technology,Computer Hardware
HQY,Healthequity Inc,Healthcare,Health Information Services
HRB,H&R Block Inc,Consumer Cyclical,Personal Services
HRI,Herc Holdings Inc,Industrials,Rental & Leasing Services
HRL,Hormel Foods Corp,Consumer Defensive,Packaged Foods
HSAI,Hesai Group ADR,Consumer Cyclical,Auto Parts
HSBC,HSBC Holdings plc ADR,Financial,Banks - Diversified
HSIC,Henry Schein Inc,Healthcare,Medical Distribution
HSY,Hershey Company,Consumer Defensive,Confectioners
HTGC,Hercules Capital Inc,Financial,Asset Management
HTHT,H World Group Limited ADR,Consumer Cyclical,Lodging
HUBG,"Hub Group, Inc",Industrials,Integrated Freight & Logistics
HUBS,HubSpot Inc,Technology,Software - Application
HUM,Humana Inc,Healthcare,Healthcare Plans
HUT,Hut 8 Corp,Financial,Capital Markets
HWM,Howmet Aerospace Inc,Industrials,Aerospace & Defense
HXL,Hexcel Corp,Industrials,Aerospace & Defense
HYMC,Hycroft Mining Holding Corporation,Basic Materials,Gold
IAG,Iamgold Corp,Basic Materials,Gold
IBKR,Interactive Brokers Group Inc,Financial,Capital Markets
IBM,International Business Machines Corp,Technology,Information Technology Services
IBN,ICICI Bank Ltd. ADR,Financial,Banks - Regional
IBRX,ImmunityBio Inc,Healthcare,Biotechnology
ICE,Intercontinental Exchange Inc,Financial,Financial Data & Stock Exchanges
ICLR,Icon Plc,Healthcare,Diagnostics & Research
IE,Ivanhoe Electric Inc,Basic Materials,Copper
IEP,Icahn Enterprises L P,Energy,Oil & Gas Refining & Marketing
IFF,International Flavors & Fragrances Inc,Basic Materials,Specialty Chemicals
IHS,IHS Holding Ltd,Real Estate,Real Estate Services
ILMN,Illumina Inc,Healthcare,Diagnostics & Research
IMNM,Immunome Inc,Healthcare,Biotechnology
INCY,Incyte Corp,Healthcare,Biotechnology
INDV,Indivior Pharmaceuticals Inc,Healthcare,Drug Manufacturers - Specialty & Generic
INFQ,Infleqtion Inc,Technology,Software - Infrastructure
INFY,Infosys Ltd ADR,Technology,Information Technology Services
ING,ING Groep N.V. ADR,Financial,Banks - Diversified
INGM,Ingram Micro Holding Corp,Technology,Information Technology Services
INSM,Insmed Inc,Healthcare,Biotechnology
INTA,Intapp Inc,Technology,Software - Application
INTC,Intel Corp,Technology,Semiconductors
INTR,Inter & Co Inc,Financial,Banks - Regional
INTU,Intuit Inc,Technology,Software - Application
IONQ,IonQ Inc,Technology,Computer Hardware
IONS,Ionis Pharmaceuticals Inc,Healthcare,Biotechnology
IOT,Samsara Inc,Technology,Software - Infrastructure
IOVA,Iovance Biotherapeutics Inc,Healthcare,Biotechnology
IP,International Paper Co,Consumer Cyclical,Packaging & Containers
IQV,IQVIA Holdings Inc,Healthcare,Diagnostics & Research
IR,Ingersoll-Rand Inc,Industrials,Specialty Industrial Machinery
IRDM,Iridium Communications Inc,Communication Services,Telecom Services
IREN,IREN Ltd,Financial,Capital Markets
ISRG,Intuitive Surgical Inc,Healthcare,Medical Instruments & Supplies
IT,"Gartner, Inc",Technology,Information Technology Services
ITRI,Itron Inc,Technology,Scientific & Technical Instruments
ITT,ITT Inc,Industrials,Specialty Industrial Machinery
ITUB,Itau Unibanco Holding S.A. ADR,Financial,Banks - Regional
ITW,"Illinois Tool Works, Inc",Industrials,Specialty Industrial Machinery
IVZ,Invesco Ltd,Financial,Asset Management
JBHT,"J.B. Hunt Transport Services, Inc",Industrials,Integrated Freight & Logistics
JBL,Jabil Inc,Technology,Electronic Components
JBS,JBS N.V,Consumer Defensive,Packaged Foods
JBTM,JBT Marel Corp,Industrials,Specialty Industrial Machinery
JCI,Johnson Controls International plc,Industrials,Building Products & Equipment
JD,JD.com Inc ADR,Consumer Cyclical,Internet Retail
JEF,Jefferies Financial Group Inc,Financial,Capital Markets
JHG,Janus Henderson Group plc,Financial,Asset Management
JHX,James Hardie Industries plc,Basic Materials,Building Materials
JKHY,"Jack Henry & Associates, Inc",Technology,Information Technology Services
JNJ,Johnson & Johnson,Healthcare,Drug Manufacturers - General
JOBY,Joby Aviation Inc,Industrials,Airports & Air Services
JPC,Nuveen Preferred & Income Opportunities Fund,Financial,Closed-End Fund - Debt
JPM,JPMorgan Chase & Co,Financial,Banks - Diversified
KBR,KBR Inc,Industrials,Engineering & Construction
KC,Kingsoft Cloud Holdings Ltd ADR,Technology,Software - Application
KD,Kyndryl Holdings Inc,Technology,Information Technology Services
KDP,Keurig Dr Pepper Inc,Consumer Defensive,Beverages - Non-Alcoholic
KEP,Korea Electric Power Corporation. ADR,Utilities,Utilities - Regulated Electric
KEY,Keycorp,Financial,Banks - Regional
KEYS,Keysight Technologies Inc,Technology,Scientific & Technical Instruments
KGC,Kinross Gold Corp,Basic Materials,Gold
KGS,Kodiak Gas Services Inc,Energy,Oil & Gas Equipment & Services
KHC,Kraft Heinz Co,Consumer Defensive,Packaged Foods
KKR,KKR & Co. Inc,Financial,Asset Management
KLAC,KLA Corp,Technology,Semiconductor Equipment & Materials
KLAR,Klarna Group plc,Technology,Software - Infrastructure
KMB,Kimberly-Clark Corp,Consumer Defensive,Household & Personal Products
KMI,Kinder Morgan Inc,Energy,Oil & Gas Midstream
KMT,Kennametal Inc,Industrials,Tools & Accessories
KMX,Carmax Inc,Consumer Cyclical,Auto & Truck Dealerships
KNSA,Kiniksa Pharmaceuticals International Plc,Healthcare,Drug Manufacturers - Specialty & Generic
KNX,Knight-Swift Transportation Holdings Inc,Industrials,Trucking
KO,Coca-Cola Co,Consumer Defensive,Beverages - Non-Alcoholic
KR,Kroger Co,Consumer Defensive,Grocery Stores
KRMN,Karman Holdings Inc,Industrials,Aerospace & Defense
KT,KT Corporation ADR,Communication Services,Telecom Services
KTB,Kontoor Brands Inc,Consumer Cyclical,Apparel Manufacturing
KTOS,Kratos Defense & Security Solutions Inc,Industrials,Aerospace & Defense
KVUE,Kenvue Inc,Consumer Defensive,Household & Personal Products
KVYO,Klaviyo Inc,Technology,Software - Application
LASR,nLIGHT Inc,Technology,Semiconductors
LAUR,Laureate Education Inc,Consumer Defensive,Education & Training Services
LAZ,Lazard Inc,Financial,Capital Markets
LBRT,Liberty Energy Inc,Energy,Oil & Gas Equipment & Services
LBTYA,Liberty Global Ltd,Communication Services,Telecom Services
LCID,Lucid Group Inc,Consumer Cyclical,Auto Manufacturers
LEGN,Legend Biotech Corp ADR,Healthcare,Biotechnology
LEN,Lennar Corp,Consumer Cyclical,Residential Construction
LEVI,Levi Strauss & Co,Consumer Cyclical,Apparel Manufacturing
LFST,LifeStance Health Group Inc,Healthcare,Medical Care Facilities
LHX,L3Harris Technologies Inc,Industrials,Aerospace & Defense
LI,Li Auto Inc ADR,Consumer Cyclical,Auto Manufacturers
LIF,Life360 Inc,Technology,Software - Application
LIN,Linde Plc,Basic Materials,Specialty Chemicals
LION,Lionsgate Studios Corp,Financial,Shell Companies
LITE,Lumentum Holdings Inc,Technology,Communication Equipment
LKQ,LKQ Corp,Consumer Cyclical,Auto Parts
LLY,Lilly(Eli) & Co,Healthcare,Drug Manufacturers - General
LMND,Lemonade Inc,Financial,Insurance - Property & Casualty
LMT,Lockheed Martin Corp,Industrials,Aerospace & Defense
LNC,Lincoln National Corp,Financial,Insurance - Life
LNG,Cheniere Energy Inc,Energy,Oil & Gas Midstream
LNT,Alliant Energy Corp,Utilities,Utilities - Regulated Electric
LNTH,Lantheus Holdings Inc,Healthcare,Drug Manufacturers - Specialty & Generic
LOAR,Loar Holdings Inc,Industrials,Aerospace & Defense
LOGI,Logitech International S.A,Technology,Computer Hardware
LOW,"Lowe's Cos., Inc",Consumer Cyclical,Home Improvement Retail
LPX,Louisiana-Pacific Corp,Industrials,Building Products & Equipment
LQDA,Liquidia Corp,Healthcare,Biotechnology
LRCX,Lam Research Corp,Technology,Semiconductor Equipment & Materials
LSCC,Lattice Semiconductor Corp,Technology,Semiconductors
LTH,Life Time Group Holdings Inc,Consumer Cyclical,Leisure
LTM,LATAM Airlines Group S.A. ADR,Industrials,Airlines
LULU,Lululemon Athletica inc,Consumer Cyclical,Apparel Retail
LUMN,Lumen Technologies Inc,Communication Services,Telecom Services
LUNR,Intuitive Machines Inc,Industrials,Aerospace & Defense
LUV,Southwest Airlines Co,Industrials,Airlines
LVS,Las Vegas Sands Corp,Consumer Cyclical,Resorts & Casinos
LW,Lamb Weston Holdings Inc,Consumer Defensive,Packaged Foods
LYB,LyondellBasell Industries NV,Basic Materials,Specialty Chemicals
LYFT,Lyft Inc,Technology,Software - Application
LYG,Lloyds Banking Group plc ADR,Financial,Banks - Regional
LYV,Live Nation Entertainment Inc,Communication Services,Entertainment
M,Macy's Inc,Consumer Cyclical,Department Stores
MA,Mastercard Incorporated,Financial,Credit Services
MAR,"Marriott International, Inc",Consumer Cyclical,Lodging
MARA,MARA Holdings Inc,Financial,Capital Markets
MAS,Masco Corp,Industrials,Building Products & Equipment
MASI,Masimo Corp,Healthcare,Medical Devices
MAT,"Mattel, Inc",Consumer Cyclical,Leisure
MBLY,Mobileye Global Inc,Consumer Cyclical,Auto Parts
MC,Moelis & Co,Financial,Capital Markets
MCD,McDonald's Corp,Consumer Cyclical,Restaurants
MCHP,"Microchip Technology, Inc",Technology,Semiconductors
MCO,Moody's Corp,Financial,Financial Data & Stock Exchanges
MCW,Mister Car Wash Inc,Consumer Cyclical,Auto & Truck Dealerships
MDB,MongoDB Inc,Technology,Software - Infrastructure
MDLN,Medline Inc,Healthcare,Medical Instruments & Supplies
MDLZ,Mondelez International Inc,Consumer Defensive,Confectioners
MDT,Medtronic Plc,Healthcare,Medical Devices
MDU,MDU Resources Group Inc,Utilities,Utilities - Regulated Gas
MEOH,Methanex Corp,Basic Materials,Chemicals
MET,Metlife Inc,Financial,Insurance - Life
META,Meta Platforms Inc,Communication Services,Internet Content & Information
MFC,Manulife Financial Corp,Financial,Insurance - Life
MFG,"Mizuho Financial Group, Inc. ADR",Financial,Banks - Regional
MGA,Magna International Inc,Consumer Cyclical,Auto Parts
MGM,MGM Resorts International,Consumer Cyclical,Resorts & Casinos
MGNI,Magnite Inc,Communication Services,Advertising Agencies
MGY,Magnolia Oil & Gas Corp,Energy,Oil & Gas E&P
MHK,"Mohawk Industries, Inc",Consumer Cyclical,"Furnishings, Fixtures & Appliances"
MIAX,Miami International Holdings Inc,Financial,Capital Markets
MIR,Mirion Technologies Inc,Industrials,Specialty Industrial Machinery
MKC,"McCormick & Co., Inc",Consumer Defensive,Packaged Foods
MKSI,MKS Inc,Technology,Scientific & Technical Instruments
MLYS,Mineralys Therapeutics Inc,Healthcare,Biotechnology
MMM,3M Co,Industrials,Conglomerates
MMYT,MakeMyTrip Ltd,Consumer Cyclical,Travel Services
MNDY,Monday.Com Ltd,Technology,Software - Application
MNST,Monster Beverage Corp,Consumer Defensive,Beverages - Non-Alcoholic
MO,Altria Group Inc,Consumer Defensive,Tobacco
MOD,Modine Manufacturing Co,Consumer Cyclical,Auto Parts
MOH,Molina Healthcare Inc,Healthcare,Healthcare Plans
MOS,Mosaic Company,Basic Materials,Agricultural Inputs
MP,MP Materials Corporation,Basic Materials,Other Industrial Metals & Mining
MPC,Marathon Petroleum Corp,Energy,Oil & Gas Refining & Marketing
MPLX,MPLX LP,Energy,Oil & Gas Midstream
MRK,Merck & Co Inc,Healthcare,Drug Manufacturers - General
MRNA,Moderna Inc,Healthcare,Biotechnology
MRSH,Marsh,Financial,Insurance Brokers
MRVL,Marvell Technology Inc,Technology,Semiconductors
MRX,Marex Group Plc,Financial,Capital Markets
MS,Morgan Stanley,Financial,Capital Markets
MSFT,Microsoft Corporation,Technology,Software - Infrastructure
MSTR,Strategy Inc,Technology,Software - Application
MT,ArcelorMittal,Basic Materials,Steel
MTB,M & T Bank Corp,Financial,Banks - Regional
MTCH,Match Group Inc,Communication Services,Internet Content & Information
MTDR,Matador Resources Co,Energy,Oil & Gas E&P
MTG,MGIC Investment Corp,Financial,Insurance - Specialty
MTH,Meritage Homes Corp,Consumer Cyclical,Residential Construction
MTSI,MACOM Technology Solutions Holdings Inc,Technology,Semiconductors
MTZ,Mastec Inc,Industrials,Engineering & Construction
MU,Micron Technology Inc,Technology,Semiconductors
MUFG,"Mitsubishi UFJ Financial Group, Inc. ADR",Financial,Banks - Diversified
MUR,Murphy Oil Corp,Energy,Oil & Gas E&P
NAMS,NewAmsterdam Pharma Company NV,Healthcare,Biotechnology
NATL,NCR Atleos Corp,Technology,Software - Application
NAVN,Navan Inc,Technology,Software - Application
NBIS,Nebius Group N.V,Technology,Software - Infrastructure
NCLH,Norwegian Cruise Line Holdings Ltd,Consumer Cyclical,Travel Services
NDAQ,Nasdaq Inc,Financial,Financial Data & Stock Exchanges
NE,Noble Corp Plc,Energy,Oil & Gas Drilling
NEE,NextEra Energy Inc,Utilities,Utilities - Regulated Electric
NEM,Newmont Corp,Basic Materials,Gold
NEOG,Neogen Corp,Healthcare,Diagnostics & Research
NESR,National Energy Services Reunited Corp,Energy,Oil & Gas Equipment & Services
NET,Cloudflare Inc,Technology,Software - Infrastructure
NFLX,Netflix Inc,Communication Services,Entertainment
NG,Novagold Resources Inc,Basic Materials,Gold
NGD,New Gold Inc,Basic Materials,Gold
NGG,National Grid Plc ADR,Utilities,Utilities - Regulated Electric
NI,NiSource Inc,Utilities,Utilities - Regulated Gas
NKE,"Nike, Inc",Consumer Cyclical,Footwear & Accessories
NMR,Nomura Holdings Inc. ADR,Financial,Capital Markets
NMRK,Newmark Group Inc,Real Estate,Real Estate Services
NOG,Northern Oil and Gas Inc,Energy,Oil & Gas E&P
NOK,Nokia Corp ADR,Technology,Communication Equipment
NOV,NOV Inc,Energy,Oil & Gas Equipment & Services
NOW,ServiceNow Inc,Technology,Software - Application
NRG,NRG Energy Inc,Utilities,Utilities - Independent Power Producers
NSC,Norfolk Southern Corp,Industrials,Railroads
NTAP,Netapp Inc,Technology,Software - Infrastructure
NTES,NetEase Inc ADR,Communication Services,Electronic Gaming & Multimedia
NTNX,Nutanix Inc,Technology,Software - Infrastructure
NTR,Nutrien Ltd,Basic Materials,Agricultural Inputs
NTRA,Natera Inc,Healthcare,Diagnostics & Research
NTRS,Northern Trust Corp,Financial,Asset Management
NTSK,Netskope Inc,Technology,Software - Infrastructure
NU,Nu Holdings Ltd,Financial,Banks - Regional
NUE,Nucor Corp,Basic Materials,Steel
NVDA,NVIDIA Corp,Technology,Semiconductors
NVO,Novo Nordisk ADR,Healthcare,Drug Manufacturers - General
NVS,Novartis AG ADR,Healthcare,Drug Manufacturers - General
NVST,Envista Holdings Corp,Healthcare,Medical Instruments & Supplies
NVT,nVent Electric plc,Industrials,Electrical Equipment & Parts
NWG,NatWest Group Plc ADR,Financial,Banks - Regional
NWS,News Corp,Communication Services,Entertainment
NWSA,News Corp,Communication Services,Entertainment
NXE,NexGen Energy Ltd,Energy,Uranium
NXPI,NXP Semiconductors NV,Technology,Semiconductors
NXT,Nextpower Inc,Technology,Solar
NYT,New York Times Co,Communication Services,Publishing
OBDC,Blue Owl Capital Corp,Financial,Asset Management
OC,Owens Corning,Industrials,Building Products & Equipment
OCUL,Ocular Therapeutix Inc,Healthcare,Biotechnology
ODFL,"Old Dominion Freight Line, Inc",Industrials,Trucking
OGE,Oge Energy Corp,Utilities,Utilities - Regulated Electric
OKE,Oneok Inc,Energy,Oil & Gas Midstream
OKLO,Oklo Inc,Utilities,Utilities - Independent Power Producers
OKTA,Okta Inc,Technology,Software - Infrastructure
OLN,Olin Corp,Basic Materials,Chemicals
OMC,"Omnicom Group, Inc",Communication Services,Advertising Agencies
OMF,OneMain Holdings Inc,Financial,Credit Services
ON,ON Semiconductor Corp,Technology,Semiconductors
ONB,Old National Bancorp,Financial,Banks - Regional
ONDS,Ondas Inc,Technology,Communication Equipment
ONON,On Holding AG,Consumer Cyclical,Footwear & Accessories
ONTO,Onto Innovation Inc,Technology,Semiconductor Equipment & Materials
OPCH,Option Care Health Inc,Healthcare,Medical Care Facilities
OPEN,Opendoor Technologies Inc,Real Estate,Real Estate Services
OR,OR Royalties Inc,Basic Materials,Gold
ORCL,Oracle Corp,Technology,Software - Infrastructure
ORI,Old Republic International Corp,Financial,Insurance - Property & Casualty
ORLA,Orla Mining Ltd,Basic Materials,Gold
ORLY,"O'Reilly Automotive, Inc",Consumer Cyclical,Auto Parts
OS,OneStream Inc,Technology,Software - Infrastructure
OSCR,Oscar Health Inc,Healthcare,Healthcare Plans
OTEX,Open Text Corp,Technology,Software - Application
OTF,Blue Owl Technology Finance Corp,Financial,Asset Management
OTIS,Otis Worldwide Corp,Industrials,Specialty Industrial Machinery
OVV,Ovintiv Inc,Energy,Oil & Gas E&P
OWL,Blue Owl Capital Inc,Financial,Asset Management
OXY,Occidental Petroleum Corp,Energy,Oil & Gas E&P
OZK,Bank OZK,Financial,Banks - Regional
PAA,Plains All American Pipeline LP,Energy,Oil & Gas Midstream
PAAS,Pan American Silver Corp,Basic Materials,Gold
PAGP,Plains GP Holdings LP,Energy,Oil & Gas Midstream
PAGS,PagSeguro Digital Ltd,Technology,Software - Infrastructure
PANW,Palo Alto Networks Inc,Technology,Software - Infrastructure
PARR,Par Pacific Holdings Inc,Energy,Oil & Gas Refining & Marketing
PATH,UiPath Inc,Technology,Software - Infrastructure
PAYC,Paycom Software Inc,Technology,Software - Application
PAYX,Paychex Inc,Technology,Software - Application
PB,Prosperity Bancshares Inc,Financial,Banks - Regional
PBA,Pembina Pipeline Corporation,Energy,Oil & Gas Midstream
PBF,PBF Energy Inc,Energy,Oil & Gas Refining & Marketing
PBR,Petroleo Brasileiro S.A. Petrobras ADR,Energy,Oil & Gas Integrated
PBR-A,Petroleo Brasileiro S.A. Petrobras ADR,Energy,Oil & Gas Integrated
PCAR,Paccar Inc,Industrials,Farm & Heavy Construction Machinery
PCG,PG&E Corp,Utilities,Utilities - Regulated Electric
PCOR,Procore Technologies Inc,Technology,Software - Application
PCVX,Vaxcyte Inc,Healthcare,Biotechnology
PDD,PDD Holdings Inc ADR,Consumer Cyclical,Internet Retail
PDI,PIMCO Dynamic Income Fund,Financial,Closed-End Fund - Debt
PEG,Public Service Enterprise Group Inc,Utilities,Utilities - Regulated Electric
PEGA,Pegasystems Inc,Technology,Software - Application
PEP,PepsiCo Inc,Consumer Defensive,Beverages - Non-Alcoholic
PFE,Pfizer Inc,Healthcare,Drug Manufacturers - General
PFG,Principal Financial Group Inc,Financial,Asset Management
PFGC,Performance Food Group Company,Consumer Defensive,Food Distribution
PFS,Provident Financial Services Inc,Financial,Banks - Regional
PFSI,PennyMac Financial Services Inc,Financial,Mortgage Finance
PG,Procter & Gamble Co,Consumer Defensive,Household & Personal Products
PGR,Progressive Corp,Financial,Insurance - Property & Casualty
PH,Parker-Hannifin Corp,Industrials,Specialty Industrial Machinery
PHG,Koninklijke Philips N.V. ADR,Healthcare,Medical Devices
PHM,PulteGroup Inc,Consumer Cyclical,Residential Construction
PHYS,Sprott Physical Gold Trust,Financial,Asset Management
PII,Polaris Inc,Consumer Cyclical,Recreational Vehicles
PINS,Pinterest Inc,Communication Services,Internet Content & Information
PKG,Packaging Corp Of America,Consumer Cyclical,Packaging & Containers
PL,Planet Labs PBC,Industrials,Aerospace & Defense
PLNT,Planet Fitness Inc,Consumer Cyclical,Leisure
PLTR,Palantir Technologies Inc,Technology,Software - Infrastructure
PM,Philip Morris International Inc,Consumer Defensive,Tobacco
PNC,PNC Financial Services Group Inc,Financial,Banks - Regional
PNFP,Pinnacle Financial Partners Inc,Financial,Banks - Regional
PNR,Pentair plc,Industrials,Specialty Industrial Machinery
PNW,Pinnacle West Capital Corp,Utilities,Utilities - Regulated Electric
PODD,Insulet Corporation,Healthcare,Medical Devices
PONY,Pony AI Inc. ADR,Technology,Information Technology Services
POR,Portland General Electric Co,Utilities,Utilities - Regulated Electric
POWI,Power Integrations Inc,Technology,Semiconductors
PPG,"PPG Industries, Inc",Basic Materials,Specialty Chemicals
PPL,PPL Corp,Utilities,Utilities - Regulated Electric
PPTA,Perpetua Resources Corp,Basic Materials,Other Precious Metals & Mining
PR,Permian Resources Holdings Inc,Energy,Oil & Gas E&P
PRM,Perimeter Solutions Inc,Basic Materials,Specialty Chemicals
PRMB,Primo Brands Corp,Consumer Defensive,Beverages - Non-Alcoholic
PRU,Prudential Financial Inc,Financial,Insurance - Life
PSKY,Paramount Skydance Corp,Communication Services,Entertainment
PSLV,Sprott Physical Silver Trust,Financial,Asset Management
PSTG,Everpure Inc,Technology,Computer Hardware
PSX,Phillips 66,Energy,Oil & Gas Refining & Marketing
PTC,PTC Inc,Technology,Software - Application
PTCT,PTC Therapeutics Inc,Healthcare,Biotechnology
PTEN,Patterson-UTI Energy Inc,Energy,Oil & Gas Drilling
PTY,PIMCO Corporate & Income Opportunity Fund,Financial,Closed-End Fund - Debt
PVH,PVH Corp,Consumer Cyclical,Apparel Manufacturing
PWR,"Quanta Services, Inc",Industrials,Engineering & Construction
PYPL,PayPal Holdings Inc,Financial,Credit Services
Q,Qnity Electronics Inc,Technology,Semiconductor Equipment & Materials
QBTS,D-Wave Quantum Inc,Technology,Computer Hardware
QCOM,"Qualcomm, Inc",Technology,Semiconductors
QGEN,Qiagen NV,Healthcare,Diagnostics & Research
QS,QuantumScape Corp,Consumer Cyclical,Auto Parts
QSR,Restaurant Brands International Inc,Consumer Cyclical,Restaurants
QTWO,Q2 Holdings Inc,Technology,Software - Application
QXO,QXO Inc,Industrials,Industrial Distribution
RAL,Ralliant Corp,Technology,Electronic Components
RARE,Ultragenyx Pharmaceutical Inc,Healthcare,Biotechnology
RBA,RB Global Inc,Industrials,Specialty Business Services
RBLX,Roblox Corporation,Communication Services,Electronic Gaming & Multimedia
RBRK,Rubrik Inc,Technology,Software - Infrastructure
RCL,Royal Caribbean Group,Consumer Cyclical,Travel Services
RDDT,Reddit Inc,Communication Services,Internet Content & Information
RDN,"Radian Group, Inc",Financial,Insurance - Specialty
RDNT,Radnet Inc,Healthcare,Diagnostics & Research
RDY,Dr. Reddy's Laboratories Ltd. ADR,Healthcare,Drug Manufacturers - Specialty & Generic
RELX,RELX Plc ADR,Industrials,Specialty Business Services
RELY,Remitly Global Inc,Technology,Software - Infrastructure
REZI,Resideo Technologies Inc,Industrials,Industrial Distribution
RF,Regions Financial Corp,Financial,Banks - Regional
RGTI,Rigetti Computing Inc,Technology,Computer Hardware
RH,RH,Consumer Cyclical,Specialty Retail
RHI,Robert Half Inc,Industrials,Staffing & Employment Services
RIG,Transocean Ltd,Energy,Oil & Gas Drilling
RIO,Rio Tinto plc ADR,Basic Materials,Other Industrial Metals & Mining
RIOT,Riot Platforms Inc,Financial,Capital Markets
RIVN,Rivian Automotive Inc,Consumer Cyclical,Auto Manufacturers
RJF,"Raymond James Financial, Inc",Financial,Asset Management
RKLB,Rocket Lab Corp,Industrials,Aerospace & Defense
RKT,Rocket Companies Inc,Financial,Mortgage Finance
RMBS,Rambus Inc,Technology,Semiconductors
RNG,RingCentral Inc,Technology,Software - Application
ROIV,Roivant Sciences Ltd,Healthcare,Biotechnology
ROK,Rockwell Automation Inc,Industrials,Specialty Industrial Machinery
ROKU,Roku Inc,Communication Services,Entertainment
ROL,"Rollins, Inc",Consumer Cyclical,Personal Services
ROP,Roper Technologies Inc,Technology,Software - Application
ROST,"Ross Stores, Inc",Consumer Cyclical,Apparel Retail
RPM,"RPM International, Inc",Basic Materials,Specialty Chemicals
RPRX,Royalty Pharma plc,Healthcare,Biotechnology
RRC,Range Resources Corp,Energy,Oil & Gas E&P
RRX,Regal Rexnord Corp,Industrials,Specialty Industrial Machinery
RSI,Rush Street Interactive Inc,Consumer Cyclical,Gambling
RTO,Rentokil Initial Plc. ADR,Industrials,Specialty Business Services
RTX,RTX Corp,Industrials,Aerospace & Defense
RUN,Sunrun Inc,Technology,Solar
RVMD,Revolution Medicines Inc,Healthcare,Biotechnology
RVTY,Revvity Inc,Healthcare,Diagnostics & Research
RXO,RXO Inc,Industrials,Trucking
RY,Royal Bank Of Canada,Financial,Banks - Diversified
RYAAY,Ryanair Holdings Plc ADR,Industrials,Airlines
RYAN,Ryan Specialty Holdings Inc,Financial,Insurance - Specialty
S,SentinelOne Inc,Technology,Software - Infrastructure
SAIL,Sailpoint Inc,Technology,Software - Infrastructure
SAN,Banco Santander S.A. ADR,Financial,Banks - Diversified
SAP,Sap SE ADR,Technology,Software - Application
SARO,StandardAero Inc,Industrials,Aerospace & Defense
SATS,EchoStar Corp,Communication Services,Telecom Services
SBLK,Star Bulk Carriers Corp,Industrials,Marine Shipping
SBS,Companhia de Saneamento Basico do Estado de Sao Paulo. ADR,Utilities,Utilities - Regulated Water
SBSW,Sibanye Stillwater Limited ADR,Basic Materials,Other Precious Metals & Mining
SBUX,Starbucks Corp,Consumer Cyclical,Restaurants
SCCO,Southern Copper Corporation,Basic Materials,Copper
SCHW,Charles Schwab Corp,Financial,Capital Markets
SE,Sea Ltd ADR,Consumer Cyclical,Internet Retail
SEDG,Solaredge Technologies Inc,Technology,Solar
SEE,Sealed Air Corp,Consumer Cyclical,Packaging & Containers
SEI,Solaris Energy Infrastructure Inc,Energy,Oil & Gas Equipment & Services
SEIC,SEI Investments Co,Financial,Asset Management
SEM,Select Medical Holdings Corporation,Healthcare,Medical Care Facilities
SF,Stifel Financial Corp,Financial,Capital Markets
SFM,Sprouts Farmers Market Inc,Consumer Defensive,Grocery Stores
SFNC,Simmons First National Corp,Financial,Banks - Regional
SGHC,Super Group (SGHC) Limited,Consumer Cyclical,Gambling
SGI,Somnigroup International Inc,Consumer Cyclical,"Furnishings, Fixtures & Appliances"
SHAK,Shake Shack Inc,Consumer Cyclical,Restaurants
SHC,Sotera Health Co,Healthcare,Diagnostics & Research
SHEL,Shell Plc ADR,Energy,Oil & Gas Integrated
SHOO,Steven Madden Ltd,Consumer Cyclical,Footwear & Accessories
SHOP,Shopify Inc,Technology,Software - Application
SHW,Sherwin-Williams Co,Basic Materials,Specialty Chemicals
SIG,Signet Jewelers Ltd,Consumer Cyclical,Luxury Goods
SIRI,Sirius XM Holdings Inc,Communication Services,Entertainment
SJM,J.M. Smucker Co,Consumer Defensive,Packaged Foods
SKM,SK Telecom Co Ltd ADR,Communication Services,Telecom Services
SLB,SLB Ltd,Energy,Oil & Gas Equipment & Services
SLDE,Slide Insurance Holdings Inc,Financial,Insurance - Property & Casualty
SLM,SLM Corp,Financial,Credit Services
SLNO,Soleno Therapeutics Inc,Healthcare,Biotechnology
SM,SM Energy Co,Energy,Oil & Gas E&P
SMCI,Super Micro Computer Inc,Technology,Computer Hardware
SMFG,Sumitomo Mitsui Financial Group Inc ADR,Financial,Banks - Diversified
SMMT,Summit Therapeutics Inc,Healthcare,Biotechnology
SMR,NuScale Power Corporation,Industrials,Specialty Industrial Machinery
SMTC,Semtech Corp,Technology,Semiconductors
SN,SharkNinja Inc,Consumer Cyclical,"Furnishings, Fixtures & Appliances"
SNAP,Snap Inc,Communication Services,Internet Content & Information
SNDK,Sandisk Corp,Technology,Computer Hardware
SNOW,Snowflake Inc,Technology,Software - Application
SNPS,"Synopsys, Inc",Technology,Software - Infrastructure
SNY,Sanofi ADR,Healthcare,Drug Manufacturers - General
SO,Southern Company,Utilities,Utilities - Regulated Electric
SOBO,South Bow Corp,Energy,Oil & Gas Midstream
SOC,Sable Offshore Corp,Energy,Oil & Gas Drilling
SOFI,SoFi Technologies Inc,Financial,Credit Services
SOLS,Solstice Advanced Materials Inc,Basic Materials,Specialty Chemicals
SOLV,Solventum Corp,Healthcare,Medical Instruments & Supplies
SONY,Sony Group Corporation ADR,Technology,Consumer Electronics
SOUN,SoundHound AI Inc,Technology,Software - Application
SPGI,S&P Global Inc,Financial,Financial Data & Stock Exchanges
SPOT,Spotify Technology S.A,Communication Services,Internet Content & Information
SQM,Sociedad Quimica Y Minera de Chile S.A. ADR,Basic Materials,Specialty Chemicals
SRAD,Sportradar Group AG,Technology,Software - Application
SRE,Sempra,Utilities,Utilities - Diversified
SRRK,Scholar Rock Holding Corp,Healthcare,Biotechnology
SSL,Sasol Ltd ADR,Basic Materials,Specialty Chemicals
SSNC,SS&C Technologies Holdings Inc,Technology,Software - Application
SSRM,SSR Mining Inc,Basic Materials,Gold
ST,Sensata Technologies Holding Plc,Technology,Scientific & Technical Instruments
STLA,Stellantis N.V,Consumer Cyclical,Auto Manufacturers
STLD,Steel Dynamics Inc,Basic Materials,Steel
STM,ST Microelectronics,Technology,Semiconductors
STNE,StoneCo Ltd,Technology,Software - Infrastructure
STNG,Scorpio Tankers Inc,Energy,Oil & Gas Midstream
STOK,Stoke Therapeutics Inc,Healthcare,Biotechnology
STRC,Strategy Inc. - VR PRF PERPETUAL USD 100 - Ser A,Technology,Software - Application
STT,State Street Corp,Financial,Asset Management
STUB,Stubhub Holdings Inc,Communication Services,Internet Content & Information
STX,Seagate Technology Holdings Plc,Technology,Computer Hardware
STZ,Constellation Brands Inc,Consumer Defensive,Beverages - Brewers
SU,"Suncor Energy, Inc",Energy,Oil & Gas Integrated
SUNB,Sunbelt Rentals Holdings Inc,Industrials,Rental & Leasing Services
SUZ,Suzano S.A. ADR,Basic Materials,Paper & Paper Products
SVM,Silvercorp Metals Inc,Basic Materials,Silver
SW,Smurfit WestRock plc,Consumer Cyclical,Packaging & Containers
SWK,Stanley Black & Decker Inc,Industrials,Tools & Accessories
SWKS,"Skyworks Solutions, Inc",Technology,Semiconductors
SYF,Synchrony Financial,Financial,Credit Services
SYK,Stryker Corp,Healthcare,Medical Devices
SYM,Symbotic Inc,Industrials,Specialty Industrial Machinery
SYNA,Synaptics Inc,Technology,Semiconductors
SYY,Sysco Corp,Consumer Defensive,Food Distribution
T,"AT&T, Inc",Communication Services,Telecom Services
TAC,Transalta Corp,Utilities,Utilities - Independent Power Producers
TAK,Takeda Pharmaceutical Co ADR,Healthcare,Drug Manufacturers - Specialty & Generic
TAL,TAL Education Group ADR,Consumer Defensive,Education & Training Services
TALO,Talos Energy Inc,Energy,Oil & Gas E&P
TAP,Molson Coors Beverage Company,Consumer Defensive,Beverages - Brewers
TCOM,Trip.com Group Ltd ADR,Consumer Cyclical,Travel Services
TD,Toronto Dominion Bank,Financial,Banks - Diversified
TDC,Teradata Corp,Technology,Software - Infrastructure
TDW,Tidewater Inc,Energy,Oil & Gas Equipment & Services
TEAM,Atlassian Corporation,Technology,Software - Application
TECH,Bio-Techne Corp,Healthcare,Biotechnology
TECK,Teck Resources Ltd,Basic Materials,Other Industrial Metals & Mining
TEL,TE Connectivity plc,Technology,Electronic Components
TEM,Tempus AI Inc,Healthcare,Health Information Services
TENB,Tenable Holdings Inc,Technology,Software - Infrastructure
TER,"Teradyne, Inc",Technology,Semiconductor Equipment & Materials
TERN,Terns Pharmaceuticals Inc,Healthcare,Biotechnology
TEVA,Teva- Pharmaceutical Industries Ltd. ADR,Healthcare,Drug Manufacturers - Specialty & Generic
TEX,Terex Corp,Industrials,Farm & Heavy Construction Machinery
TFC,Truist Financial Corporation,Financial,Banks - Regional
TFSL,TFS Financial Corporation,Financial,Banks - Regional
TGB,Taseko Mines Ltd,Basic Materials,Copper
TGNA,TEGNA Inc,Communication Services,Broadcasting
TGT,Target Corp,Consumer Defensive,Discount Stores
TGTX,TG Therapeutics Inc,Healthcare,Biotechnology
TIGO,Millicom International Cellular S.A,Communication Services,Telecom Services
TJX,"TJX Companies, Inc",Consumer Cyclical,Apparel Retail
TKC,Turkcell Iletisim Hizmetleri A.S. ADR,Communication Services,Telecom Services
TKR,Timken Co,Industrials,Tools & Accessories
TMC,TMC the metals company Inc,Basic Materials,Other Industrial Metals & Mining
TMDX,Transmedics Group Inc,Healthcare,Medical Devices
TME,Tencent Music Entertainment Group ADR,Communication Services,Internet Content & Information
TMHC,Taylor Morrison Home Corp,Consumer Cyclical,Residential Construction
TMO,Thermo Fisher Scientific Inc,Healthcare,Diagnostics & Research
TMUS,T-Mobile US Inc,Communication Services,Telecom Services
TNGX,Tango Therapeutics Inc,Healthcare,Biotechnology
TOST,Toast Inc,Technology,Software - Infrastructure
TPC,Tutor Perini Corp,Industrials,Engineering & Construction
TPG,TPG Inc,Financial,Asset Management
TPH,Tri Pointe Homes Inc,Consumer Cyclical,Residential Construction
TPR,Tapestry Inc,Consumer Cyclical,Luxury Goods
TREX,"TREX Co., Inc",Industrials,Building Products & Equipment
TRGP,Targa Resources Corp,Energy,Oil & Gas Midstream
TRI,Thomson-Reuters Corp,Industrials,Specialty Business Services
TRMB,Trimble Inc,Technology,Scientific & Technical Instruments
TRMD,Torm Plc,Energy,Oil & Gas Midstream
TROW,T. Rowe Price Group Inc,Financial,Asset Management
TRP,TC Energy Corporation,Energy,Oil & Gas Midstream
TRU,TransUnion,Financial,Financial Data & Stock Exchanges
TRV,Travelers Companies Inc,Financial,Insurance - Property & Casualty
TS,Tenaris S.A. ADR,Energy,Oil & Gas Equipment & Services
TSCO,Tractor Supply Co,Consumer Cyclical,Specialty Retail
TSEM,Tower Semiconductor Ltd,Technology,Semiconductors
TSLA,Tesla Inc,Consumer Cyclical,Auto Manufacturers
TSM,Taiwan Semiconductor Manufacturing ADR,Technology,Semiconductors
TSN,"Tyson Foods, Inc",Consumer Defensive,Farm Products
TT,Trane Technologies plc,Industrials,Building Products & Equipment
TTAN,ServiceTitan Inc,Technology,Software - Application
TTC,Toro Co,Industrials,Tools & Accessories
TTD,Trade Desk Inc,Communication Services,Advertising Agencies
TTE,TotalEnergies SE,Energy,Oil & Gas Integrated
TTEK,"Tetra Tech, Inc",Industrials,Engineering & Construction
TTMI,TTM Technologies Inc,Technology,Electronic Components
TTWO,"Take-Two Interactive Software, Inc",Communication Services,Electronic Gaming & Multimedia
TU,Telus Corp,Communication Services,Telecom Services
TVTX,Travere Therapeutics Inc,Healthcare,Biotechnology
TW,Tradeweb Markets Inc,Financial,Capital Markets
TWLO,Twilio Inc,Technology,Software - Infrastructure
TXG,10x Genomics Inc,Healthcare,Health Information Services
TXN,Texas Instruments Inc,Technology,Semiconductors
TXNM,TXNM Energy Inc,Utilities,Utilities - Regulated Electric
TXRH,Texas Roadhouse Inc,Consumer Cyclical,Restaurants
TXT,Textron Inc,Industrials,Aerospace & Defense
U,Unity Software Inc,Technology,Software - Application
UA,Under Armour Inc,Consumer Cyclical,Apparel Manufacturing
UAA,Under Armour Inc,Consumer Cyclical,Apparel Manufacturing
UAL,United Airlines Holdings Inc,Industrials,Airlines
UBER,Uber Technologies Inc,Technology,Software - Application
UBS,UBS Group AG,Financial,Banks - Diversified
UBSI,"United Bankshares, Inc",Financial,Banks - Regional
UCB,United Community Banks Inc,Financial,Banks - Regional
UCTT,Ultra Clean Hldgs Inc,Technology,Semiconductor Equipment & Materials
UEC,Uranium Energy Corp,Energy,Uranium
UGI,UGI Corp,Utilities,Utilities - Regulated Gas
UL,Unilever plc ADR,Consumer Defensive,Household & Personal Products
UMC,United Micro Electronics ADR,Technology,Semiconductors
UNH,Unitedhealth Group Inc,Healthcare,Healthcare Plans
UNM,Unum Group,Financial,Insurance - Life
UNP,Union Pacific Corp,Industrials,Railroads
UPS,"United Parcel Service, Inc",Industrials,Integrated Freight & Logistics
UPST,Upstart Holdings Inc,Financial,Credit Services
URBN,"Urban Outfitters, Inc",Consumer Cyclical,Apparel Retail
USAR,USA Rare Earth Inc,Basic Materials,Other Industrial Metals & Mining
USAS,Americas Gold and Silver Corp,Basic Materials,Other Industrial Metals & Mining
USB,U.S. Bancorp,Financial,Banks - Regional
USFD,US Foods Holding Corp,Consumer Defensive,Food Distribution
UUUU,Energy Fuels Inc,Energy,Uranium
V,Visa Inc,Financial,Credit Services
VALE,Vale S.A. ADR,Basic Materials,Other Industrial Metals & Mining
VEEV,Veeva Systems Inc,Healthcare,Health Information Services
VERA,Vera Therapeutics Inc,Healthcare,Biotechnology
VERX,Vertex Inc,Technology,Software - Application
VFC,VF Corp,Consumer Cyclical,Apparel Manufacturing
VG,Venture Global Inc,Energy,Oil & Gas Midstream
VIAV,Viavi Solutions Inc,Technology,Communication Equipment
VIK,Viking Holdings Ltd,Consumer Cyclical,Travel Services
VIPS,Vipshop Holdings Ltd ADR,Consumer Cyclical,Internet Retail
VISN,Vistance Networks Inc,Technology,Communication Equipment
VIST,Vista Energy S.A.B. de C.V ADR,Energy,Oil & Gas E&P
VIV,"Telefonica Brasil S.A., ADR",Communication Services,Telecom Services
VKTX,Viking Therapeutics Inc,Healthcare,Biotechnology
VLO,Valero Energy Corp,Energy,Oil & Gas Refining & Marketing
VLTO,Veralto Corp,Industrials,Pollution & Treatment Controls
VLY,Valley National Bancorp,Financial,Banks - Regional
VMC,Vulcan Materials Co,Basic Materials,Building Materials
VNET,VNET Group Inc ADR,Technology,Information Technology Services
VNOM,Viper Energy Inc,Energy,Oil & Gas Midstream
VNT,Vontier Corporation,Technology,Scientific & Technical Instruments
VOD,Vodafone Group plc ADR,Communication Services,Telecom Services
VOYA,Voya Financial Inc,Financial,Financial Conglomerates
VRDN,Viridian Therapeutics Inc,Healthcare,Biotechnology
VRNS,Varonis Systems Inc,Technology,Software - Infrastructure
VRRM,Verra Mobility Corp,Technology,Information Technology Services
VRSK,Verisk Analytics Inc,Industrials,Consulting Services
VRT,Vertiv Holdings Co,Industrials,Electrical Equipment & Parts
VRTX,"Vertex Pharmaceuticals, Inc",Healthcare,Biotechnology
VSCO,Victoria's Secret & Co,Consumer Cyclical,Apparel Retail
VSH,"Vishay Intertechnology, Inc",Technology,Semiconductors
VSNT,Versant Media Group Inc,Communication Services,Entertainment
VST,Vistra Corp,Utilities,Utilities - Independent Power Producers
VTRS,Viatris Inc,Healthcare,Drug Manufacturers - Specialty & Generic
VVV,Valvoline Inc,Consumer Cyclical,Auto & Truck Dealerships
VZ,Verizon Communications Inc,Communication Services,Telecom Services
W,Wayfair Inc,Consumer Cyclical,Internet Retail
WAB,Westinghouse Air Brake Technologies Corp,Industrials,Railroads
WAL,Western Alliance Bancorp,Financial,Banks - Regional
WAT,Waters Corp,Healthcare,Diagnostics & Research
WAY,Waystar Holding Corp,Healthcare,Health Information Services
WBD,Warner Bros. Discovery Inc,Communication Services,Entertainment
WBS,Webster Financial Corp,Financial,Banks - Regional
WCN,Waste Connections Inc,Industrials,Waste Management
WDAY,Workday Inc,Technology,Software - Application
WDC,Western Digital Corp,Technology,Computer Hardware
WDS,Woodside Energy Group Ltd ADR,Energy,Oil & Gas E&P
WEC,WEC Energy Group Inc,Utilities,Utilities - Regulated Electric
WES,Western Midstream Partners LP,Energy,Oil & Gas Midstream
WFC,Wells Fargo & Co,Financial,Banks - Diversified
WFRD,Weatherford International plc,Energy,Oil & Gas Equipment & Services
WGS,GeneDx Holdings Corp,Healthcare,Diagnostics & Research
WH,Wyndham Hotels & Resorts Inc,Consumer Cyclical,Lodging
WHD,Cactus Inc,Energy,Oil & Gas Equipment & Services
WHR,Whirlpool Corp,Consumer Cyclical,"Furnishings, Fixtures & Appliances"
WIX,Wix.com Ltd,Technology,Software - Infrastructure
WLK,Westlake Corporation,Basic Materials,Specialty Chemicals
WM,"Waste Management, Inc",Industrials,Waste Management
WMB,Williams Cos Inc,Energy,Oil & Gas Midstream
WMG,Warner Music Group Corp,Communication Services,Entertainment
WMS,Advanced Drainage Systems Inc,Industrials,Building Products & Equipment
WMT,Walmart Inc,Consumer Defensive,Discount Stores
WPM,Wheaton Precious Metals Corp,Basic Materials,Gold
WRB,W.R. Berkley Corp,Financial,Insurance - Property & Casualty
WRBY,Warby Parker Inc,Healthcare,Medical Instruments & Supplies
WRD,WeRide Inc. ADR,Technology,Software - Application
WSC,WillScot Holdings Corp,Industrials,Rental & Leasing Services
WSM,"Williams-Sonoma, Inc",Consumer Cyclical,Specialty Retail
WST,"West Pharmaceutical Services, Inc",Healthcare,Medical Instruments & Supplies
WT,WisdomTree Inc,Financial,Asset Management
WTRG,Essential Utilities Inc,Utilities,Utilities - Regulated Water
WU,Western Union Company,Financial,Credit Services
WULF,TeraWulf Inc,Financial,Capital Markets
WVE,Wave Life Sciences Ltd,Healthcare,Biotechnology
WYNN,Wynn Resorts Ltd,Consumer Cyclical,Resorts & Casinos
XEL,"Xcel Energy, Inc",Utilities,Utilities - Regulated Electric
XENE,Xenon Pharmaceuticals Inc,Healthcare,Biotechnology
XOM,Exxon Mobil Corp,Energy,Oil & Gas Integrated
XP,XP Inc,Financial,Capital Markets
XPEV,XPeng Inc ADR,Consumer Cyclical,Auto Manufacturers
XPO,XPO Inc,Industrials,Trucking
XRAY,DENTSPLY Sirona Inc,Healthcare,Medical Instruments & Supplies
XYL,Xylem Inc,Industrials,Specialty Industrial Machinery
XYZ,Block Inc,Technology,Software - Infrastructure
YETI,YETI Holdings Inc,Consumer Cyclical,Leisure
YMM,Full Truck Alliance Co Ltd ADR,Technology,Software - Application
YOU,Clear Secure Inc,Technology,Software - Application
YPF,YPF ADR,Energy,Oil & Gas Integrated
YUM,Yum Brands Inc,Consumer Cyclical,Restaurants
YUMC,Yum China Holdings Inc,Consumer Cyclical,Restaurants
Z,Zillow Group Inc,Communication Services,Internet Content & Information
ZBH,Zimmer Biomet Holdings Inc,Healthcare,Medical Devices
ZBRA,Zebra Technologies Corp,Technology,Communication Equipment
ZETA,Zeta Global Holdings Corp,Technology,Software - Infrastructure
ZIM,Zim Integrated Shipping Services Ltd,Industrials,Marine Shipping
ZION,Zions Bancorporation N.A,Financial,Banks - Regional
ZM,Zoom Communications Inc,Technology,Software - Application
ZS,Zscaler Inc,Technology,Software - Infrastructure
ZTO,ZTO Express (Cayman) Inc ADR,Industrials,Integrated Freight & Logistics
ZTS,Zoetis Inc,Healthcare,Drug Manufacturers - Specialty & Generic
XLC,ETF,Communication Services,Communication Services Sector ETF
XLK,ETF,Technology,Technology Sector ETF
XLV,ETF,Health Care,Health Care Sector ETF
XLF,ETF,Financials,Financial Sector ETF
XLI,ETF,Industrials,Industrial Sector ETF
XLY,ETF,Consumer Discretionary,Consumer Discretionary Sector ETF
XLP,ETF,Consumer Staples,Consumer Staples Sector ETF
XLE,ETF,Energy,Energy Sector ETF
XLB,ETF,Materials,Materials Sector ETF
XLRE,ETF,Real Estate,Real Estate Sector ETF
XLU,ETF,Utilities,Utilities Sector ETF
XBI,ETF,Health Care,Biotechnology ETF
XHB,ETF,Consumer Discretionary,Homebuilders ETF
CARZ,ETF,Consumer Discretionary,Auto Manufacturers ETF
XHE,ETF,Health Care,Medical Equipment ETF
KIE,ETF,Financials,Insurance ETF
XAR,ETF,Industrials,Aerospace & Defense ETF
SMH,ETF,Technology,Semiconductors ETF
IGV,ETF,Technology,Software ETF
XRT,ETF,Consumer Discretionary,Retail ETF
XOP,ETF,Energy,Oil & Gas Exploration ETF
XME,ETF,Materials,Metals & Mining ETF
KBE,ETF,Financials,Banking ETF
PBJ,ETF,Consumer Staples,Food & Beverage ETF
KCE,ETF,Financials,Capital Markets ETF
FDN,ETF,Communication Services,Internet ETF
PEJ,ETF,Consumer Discretionary,Leisure & Entertainment ETF
VHT,ETF,Health Care,Broad Health Care ETF
VAW,ETF,Materials,Broad Materials ETF
IYT,ETF,Industrials,Transportation ETF
VGT,ETF,Technology,Broad Technology ETF
ITB,ETF,Consumer Discretionary,Home Construction ETF
IDRV,ETF,Consumer Discretionary,Self-Driving / EV ETF
IBB,ETF,Health Care,Biotechnology ETF
VCR,ETF,Consumer Discretionary,Broad Consumer Discretionary ETF
VNQ,ETF,Real Estate,REIT ETF
IHI,ETF,Health Care,Medical Devices ETF
IAK,ETF,Financials,Insurance ETF
ITA,ETF,Industrials,Aerospace & Defense ETF
VDC,ETF,Consumer Staples,Broad Consumer Staples ETF
VIS,ETF,Industrials,Broad Industrials ETF
SOXX,ETF,Technology,Semiconductors ETF
XSW,ETF,Technology,Software & Services ETF
RTH,ETF,Consumer Discretionary,Retail ETF
VPU,ETF,Utilities,Broad Utilities ETF
VFH,ETF,Financials,Broad Financials ETF
XES,ETF,Energy,Oil & Gas Equipment ETF
PICK,ETF,Materials,Global Metals & Mining ETF
VOX,ETF,Communication Services,Telecom ETF
KRE,ETF,Financials,Regional Banks ETF
FTXG,ETF,Industrials,Global Industrials ETF
IAI,ETF,Financials,Broker-Dealers ETF
PNQI,ETF,Communication Services,Internet ETF
VDE,ETF,Energy,Broad Energy ETF
PBS,ETF,Consumer Staples,Media & Publishing ETF
IXJ,ETF,Health Care,Global Health Care ETF
IYM,ETF,Materials,Basic Materials ETF
FTXR,ETF,Industrials,Transportation ETF
QQQ,ETF,Technology,Nasdaq-100 ETF
PKB,ETF,Consumer Discretionary,Building & Construction ETF
DRIV,ETF,Consumer Discretionary,Autonomous & EV ETF
ARKG,ETF,Health Care,Genomics & Biotech ETF
IYC,ETF,Consumer Discretionary,Consumer Services ETF
SCHH,ETF,Real Estate,REIT ETF
PPA,ETF,Industrials,Aerospace & Defense ETF
IYK,ETF,Consumer Staples,Consumer Staples ETF
IYJ,ETF,Industrials,Industrials ETF
XSD,ETF,Technology,Semiconductor Equipment ETF
FTEC,ETF,Technology,Technology ETF
ONLN,ETF,Consumer Discretionary,Online Retail ETF
IDU,ETF,Utilities,Utilities ETF
IYF,ETF,Financials,Financials ETF
PXE,ETF,Energy,Oil & Gas Production ETF
REMX,ETF,Materials,Rare Earth & Strategic Metals ETF
IXP,ETF,Communication Services,Global Telecom ETF
TAN,ETF,Energy,Solar Energy ETF
IAT,ETF,Financials,Regional Banks ETF
ARKW,ETF,Technology,Internet & Innovation ETF
IYE,ETF,Energy,Energy ETF
BJK,ETF,Consumer Discretionary,Gaming & Casinos ETF
MTUM,ETF,Momentum ,Momentum ETF
IBIT,,BITCOIN,Bitcoin ETF
CLOU,ETF,Cloud Computing,Cloud Computing ETF
WCLD,ETF,Cloud Computing,Cloud Computing ETF
SKYY,ETF,Cloud Computing,Cloud Computing ETF
BOTZ,ETF,Robotics & AI,Robotics & AI ETF
ROBO,ETF,Robotics,Robotics ETF
AIQ,ETF,Artificial Intelligence,AI ETF
FINX,ETF,Fintech,Fintech ETF
IPAY,ETF,Digital Payments,Digital Payments ETF
PAVE,ETF,Infrastructure,US Infrastructure ETF
IFRA,ETF,Infrastructure,Global Infrastructure ETF
AMLP,ETF,Midstream Energy,MLP Infrastructure ETF
MLPX,ETF,Energy Infrastructure,Energy Infrastructure ETF
ICLN,ETF,Clean Energy,Clean Energy ETF
QCLN,ETF,Clean Energy,Clean Energy ETF
SRVR,ETF,Data Center REIT,Data Center REIT ETF
HSMV,ETF,Cell Tower REIT,Cell Tower REIT ETF
DIA,ETF,Dow Jones,Dow Jones ETF
^GSPC,MARKET INDICATOR,S&P,MARKET INDICATOR
^DJI,MARKET INDICATOR,DOW JONES,MARKET INDICATOR
^NYA,MARKET INDICATOR,NYSE,MARKET INDICATOR
^RUT,MARKET INDICATOR,IWM,MARKET INDICATOR
^VIX,MARKET INDICATOR,FEAR INDEX,MARKET INDICATOR
^TNX,MARKET INDICATOR,VOLATILITY,MARKET INDICATOR
^TYX,MARKET INDICATOR,10 YEAR TREASURY,MARKET INDICATOR
^IXIC,MARKET INDICATOR,NASDAQ,MARKET INDICATOR
